2297,401,2451,371,2199.915067803897,371,
2303,404,2486,363,2200.3791485656548,363,
2279,416,2552,336,2203.7405893316322,336,
2196,454,2528,334,2202.1515982343253,334,
2194,454,2533,309,2202.4486089301645,309,
2194,454,2527,294,2202.0943628101254,294,
2194,457,2528,273,2202.1515982343253,273,
2194,472,2546,253,2203.3048189824176,253,
2195,476,2571,241,2205.2876038265745,241,
2195,476,2590,238,2207.0849646076786,238,
2195,476,2621,240,2210.543009385231,240,
2195,476,2637,257,2212.577330612904,257,
2191,475,2635,281,2212.313885564671,281,
2191,466,2632,294,2211.923604777504,294,
2191,465,2628,303,2211.4123792647606,303,
2184,465,2633,302,2212.0530459498027,302,
2172,466,2641,299,2213.1120166023798,299,
2172,466,2637,305,2212.577330612904,305,
2172,466,2587,332,2206.784716277948,332,
2166,466,2560,342,2204.361151885376,342,
2141,464,2540,350,2202.8946301070264,350,
2137,463,2544,347,2203.1652395732253,347,
2137,463,2498,347,2200.7523076274815,347,
2137,463,2409,372,2200.6214751802413,372,
2114,463,2367,405,2202.7600790359675,405,
2104,463,2375,428,2202.2395778995556,428,
2103,463,2378,440,2202.0582548097027,440,
2103,463,2379,448,2201.999487878809,448,
2095,463,2379,448,2201.999487878809,448,
2080,463,2370,447,2202.558572660342,447,
2077,463,2367,445,2202.7600790359675,445,
2076,463,2367,441,2202.7600790359675,441,
2067,463,2366,425,2202.828937636375,425,
2047,463,2366,408,2202.828937636375,408,
2044,463,2359,392,2203.3346891143938,392,
2044,463,2345,382,2204.4717203303894,382,
2038,463,2323,380,2206.601356457978,380,
2017,463,2303,374,2208.907648849733,374,
2014,462,2289,370,2210.73567092327,370,
2014,462,2272,370,2213.1958161156526,370,
2014,462,2258,373,2215.422673137547,373,
2006,460,2243,374,2218.012895423353,374,
1987,456,2217,374,2218.578732642659,374,
1985,455,2201,372,2207.6485924156955,372,
1985,455,2199,368,2206.284234481786,368,
1985,455,2188,364,2198.787801775451,364,
1983,455,2182,361,2194.7041907681632,361,
1966,450,2172,359,2187.9065170926897,359,
1953,448,2175,358,2189.944727175781,358,
1946,448,2175,358,2189.944727175781,358,
1946,448,2165,359,2183.1543196403186,359,
1946,448,2146,359,2170.280920013042,359,
1941,448,2137,359,2164.1958594213465,359,
1924,448,2136,359,2163.5202487508673,359,
1914,446,2128,359,2158.119000064132,359,
1913,445,2121,360,2153.3981916055623,360,
1913,445,2111,361,2146.662686016197,361,
1913,445,2101,362,2139.9371263476764,362,
1913,445,2086,363,2129.8672862043586,363,
1913,444,2048,364,2104.454948568039,364,
1907,428,2027,364,2090.47050805991,364,
1896,410,2011,364,2079.843502112627,364,
1890,405,2013,363,2081.1705734214174,363,
1889,405,1987,360,2063.947446042136,360,
1889,405,1941,358,2033.6261324593934,358,
1889,405,1893,355,2002.185638128437,355,
1875,402,1874,349,1989.795134053837,349,
1862,402,1867,344,1985.2378931889223,344,
1854,402,1853,336,1976.1357016385523,336,
1853,403,1835,331,1964.4567376446532,331,
1853,403,1820,328,1954.7445355795946,328,
1853,403,1810,324,1948.279864442706,324,
1847,406,1808,322,1946.9878963620374,322,
1833,418,1806,321,1945.6962492359391,321,
1823,426,1793,320,1937.308333911584,320,
1815,441,1778,320,1927.6466285469955,320,
1810,448,1733,321,1898.766711459497,321,
1809,448,1688,324,1870.040577921733,324,
1809,448,1683,324,1866.8580572612693,324,
1808,448,1678,325,1863.6773657720175,325,
1803,462,1674,325,1861.1341249997536,325,
1794,485,1656,327,1849.7038813207052,327,
1789,505,1645,330,1842.7301890948925,330,
1787,516,1634,334,1835.7651015041597,334,
1787,517,1631,338,1833.867016185927,338,
1787,517,1615,346,1823.7545553307336,346,
1787,517,1606,353,1818.0741311071097,353,
1787,517,1576,369,1799.1795643259575,369,
1783,523,1568,377,1794.1513297446127,377,
1774,542,1555,391,1785.9895937450203,391,
1765,557,1546,399,1780.3457434295588,399,
1764,558,1542,408,1777.8390827630778,408,
1764,558,1525,415,1767.1974745150408,415,
1764,558,1520,420,1764.0711707363598,420,
1754,563,1520,423,1764.0711707363598,423,
1737,571,1517,428,1762.1961647825021,428,
1729,577,1517,431,1762.1961647825021,431,
1729,578,1511,437,1758.4478933135254,437,
1729,578,1507,445,1755.9503305825729,445,
1729,578,1514,455,1760.3217394217659,455,
1718,616,1513,466,1759.6970597570999,466,
1706,666,1498,476,1750.3345544957842,476,
1704,672,1479,480,1738.4958937681104,480,
1704,672,1450,486,1720.4698466259708,486,
1704,672,1433,509,1709.9268756830904,509,
1702,674,1426,531,1705.5907423617216,531,
1691,676,1427,546,1706.2100092815015,546,
1669,682,1434,558,1710.5465646711423,558,
1662,683,1433,565,1709.9268756830904,565,
1662,683,1434,575,1710.5465646711423,575,
1662,683,1426,579,1705.5907423617216,579,
1662,683,1411,581,1696.308925063887,581,
1650,683,1396,581,1687.0404736641003,581,
1630,680,1393,581,1685.1883734657285,581,
1613,675,1380,579,1677.1686810134815,579,
1608,672,1358,576,1663.6191595721718,576,
1608,672,1319,573,1639.667015781052,573,
1608,672,1286,569,1619.4655341025784,569,
1590,669,1285,568,1618.8542901985486,568,
1570,664,1271,567,1610.3024986518062,567,
1565,659,1267,568,1607.8610477502536,568,
1564,658,1254,568,1599.9321709635735,568,
1564,658,1243,567,1593.2300436304408,567,
1562,658,1204,561,1569.51822404051,561,
1542,650,1187,557,1559.2064018444885,557,
1514,643,1173,551,1550.725091472126,551,
1504,642,1150,547,1536.8123350475005,547,
1504,642,1138,541,1529.5636461279898,541,
1504,642,1147,537,1534.9995155822357,537,
1503,642,1141,535,1531.3751721912945,535,
1488,634,1130,534,1524.7350044031025,534,
1484,624,1117,535,1516.8949162514878,535,
1484,599,1104,536,1509.0627447967802,536,
1484,585,1086,538,1498.2311108501867,538,
1483,583,1058,539,1481.4112198187377,539,
1483,583,1057,540,1480.8111609092543,540,
1483,582,1059,539,1482.0113233195184,539,
1484,560,1049,536,1476.0122904314958,536,
1489,541,1052,533,1477.8115339214862,533,
1492,521,1062,524,1483.8119017444806,524,
1492,518,1063,516,1484.4121839854088,516,
1492,518,1064,504,1485.0125110052354,504,
1493,517,1078,493,1493.4218121636009,493,
1498,486,1082,484,1495.826097527934,484,
1501,455,1084,473,1497.0285130420912,473,
1501,439,1084,465,1497.0285130420912,465,
1501,433,1086,461,1498.2311108501867,461,
1501,433,1091,450,1501.2384049086031,450,
1501,433,1116,440,1516.292161547343,440,
1501,425,1182,424,1556.1762515496557,424,
1500,397,1179,426,1554.3587548121498,426,
1500,372,1188,424,1559.8125806287123,424,
1506,346,1202,414,1568.3043175157384,414,
1506,344,1223,405,1581.060422387,405,
1506,344,1244,396,1593.8390673508138,396,
1506,344,1297,380,1626.1927763019844,380,
1509,343,1304,380,1630.4771634190547,380,
1514,338,1300,376,1628.0286157699747,376,
1515,337,1301,373,1628.640670985107,373,
1514,339,1305,369,1631.0894366389114,369,
1510,342,1326,366,1643.9598569145196,366,
1510,357,1344,365,1655.0111234977107,365,
1510,380,1355,388,1661.7736446509575,388,
1506,404,1312,423,1635.3768807263255,423,
1506,425,1244,441,1593.8390673508138,441,
1506,425,1190,443,1561.0250872477895,443,
1506,425,1166,441,1546.4880493024784,441,
1502,434,1174,440,1551.3305791376304,440,
1493,454,1191,438,1561.6314151641009,438,
1483,471,1203,437,1568.9112456364178,437,
1477,480,1214,436,1575.5907827243518,436,
1476,482,1230,436,1585.3174472043233,436,
1476,482,1224,435,1581.6684151251511,435,
1476,482,1214,435,1575.5907827243518,435,
1466,508,1184,435,1557.3881631048632,435,
1455,564,1167,435,1547.093194377468,435,
1447,594,1151,435,1537.4167044329347,435,
1446,596,1096,442,1504.2468449867306,442,
1446,596,1040,459,1470.6169457239512,459,
1444,596,1014,475,1455.0502833931503,475,
1437,600,1011,514,1453.2560112792873,514,
1416,610,1006,531,1450.2664144191162,531,
1407,616,989,543,1440.1097385003845,543,
1407,616,929,549,1404.3586416957605,549,
1407,616,898,547,1385.9440779440602,547,
1400,620,862,562,1364.6062731373918,562,
1367,633,859,559,1362.8303496298233,559,
1353,638,852,571,1358.6878427150905,571,
1349,639,829,586,1345.0895829004176,586,
1349,639,824,590,1342.1360170397024,590,
1349,640,814,593,1336.231616427554,593,
1340,644,802,593,1329.1511045279285,593,
1293,649,779,593,1315.5944736599563,593,
1272,652,765,594,1307.3517129554825,594,
1272,652,748,598,1297.3517591739987,598,
1272,652,735,599,1289.7113919357507,599,
1272,652,714,602,1277.3812625442906,602,
1270,653,700,605,1269.1692958098104,605,
1244,659,695,605,1266.238005956712,605,
1216,661,682,606,1258.6204468828798,606,
1213,663,677,606,1255.692065837165,606,
1213,663,673,608,1253.3499369117985,608,
1213,663,665,610,1248.6672069619685,610,
1212,664,654,611,1242.2317566042261,611,
1189,669,636,613,1231.7091781379895,613,
1127,675,634,614,1230.540622062867,614,
1118,677,629,615,1227.619769661781,615,
1118,677,607,621,1214.7770658740765,621,
1118,677,577,625,1197.2876373626837,625,
1118,677,541,632,1176.334938237508,632,
1103,677,484,637,1143.2341799843562,637,
1078,682,438,643,1116.5849188955635,643,
1071,684,405,649,1097.5005113329044,649,
1071,684,384,654,1085.3700207622405,654,
1071,684,364,660,1073.8271526011881,660,
1063,684,335,668,1057.1069037524035,668,
1033,684,323,674,1050.1939206507873,674,
1014,681,282,685,1026.5992504012538,685,
1007,679,290,688,1031.2001327914995,688,
1007,679,283,692,1027.1742833498556,692,
1007,679,262,697,1015.1031900632347,697,
1007,679,244,698,1004.7641296830805,698,
994,666,234,702,999.0231864492607,702,
981,657,240,705,1002.4674988826107,705,
969,649,240,710,1002.4674988826107,710,
964,642,241,714,1003.0416248209601,714,
964,641,246,717,1005.9125723405908,717,
964,641,257,716,1012.2305319826037,716,
964,639,258,716,1012.8050205166994,716,
965,617,279,708,1024.8742836785452,708,
977,579,270,708,1019.700567561959,708,
986,539,229,716,996.1535041646603,716,
985,535,204,700,981.8128821787134,700,
985,535,113,685,929.7183400745166,685,
985,535,70,668,905.1567330593622,668,
977,512,56,623,897.167105032266,623,
959,477,34,616,884.618904647445,616,
954,473,31,599,882.9084338244879,599,
954,473,31,589,882.9084338244879,589,
954,473,15,580,873.7885099489486,580,
964,415,0,558,865.2424922885948,558,
984,329,0,531,865.2424922885948,531,
985,321,0,489,865.2424922885948,489,
985,321,0,444,865.2424922885948,444,
985,321,0,390,865.2424922885948,390,
985,321,0,351,865.2424922885948,351,
985,318,0,334,865.2424922885948,334,
985,286,36,315,885.7593042547788,315,
985,266,17,320,874.9282635420617,320,
985,266,46,311,891.4623363502163,311,
985,266,67,318,903.4443778943604,318,
985,264,123,315,935.4352168916633,315,
985,250,240,298,1002.4674988826107,298,
984,232,253,288,1009.9327926185252,288,
983,231,235,282,999.597185864643,282,
983,231,262,269,1015.1031900632347,269,
983,231,284,265,1027.749338355084,265,
983,231,312,269,1043.8599220164733,269,
983,227,329,259,1053.649996908293,259,
974,210,349,254,1065.1762771339268,254,
969,202,319,258,1047.890328858461,258,
969,202,309,261,1042.1329456296726,261,
968,202,311,267,1043.2842405579456,267,
932,198,334,282,1056.530694726031,282,
852,186,331,270,1054.8022066626181,270,
844,184,266,230,1017.4017052891281,230,
844,184,269,180,1019.1258193831528,180,
844,184,257,178,1012.2305319826037,178,
844,184,227,144,995.0057777650043,144,
826,194,189,102,973.2146480347274,102,
801,204,154,77,953.1695645607626,77,
796,208,113,58,929.7183400745166,58,
791,211,110,46,928.0036406690115,46,
781,217,61,16,900.0201462300638,16,
781,217,68,9,904.0151451783387,9,
781,217,65,3,902.3028965479766,3,
776,219,47,0,892.0327347752462,0,
748,235,54,0,896.0260115043459,0,
721,254,68,0,904.0151451783387,0,
705,271,40,18,888.0403098520617,18,
693,286,32,93,883.4785736441305,93,
686,294,0,125,865.2424922885948,125,
686,294,0,135,865.2424922885948,135,
686,294,0,123,865.2424922885948,123,
683,306,0,119,865.2424922885948,119,
672,350,0,112,865.2424922885948,112,
654,389,0,112,865.2424922885948,112,
645,400,0,125,865.2424922885948,125,
645,400,0,137,865.2424922885948,137,
642,400,0,150,865.2424922885948,150,
631,400,0,161,865.2424922885948,161,
621,401,0,169,865.2424922885948,169,
619,402,0,228,865.2424922885948,228,
619,402,0,264,865.2424922885948,264,
617,402,0,267,865.2424922885948,267,
590,415,0,298,865.2424922885948,298,
554,431,0,334,865.2424922885948,334,
551,433,0,349,865.2424922885948,349,
551,433,0,356,865.2424922885948,356,
548,436,0,376,865.2424922885948,376,
506,451,0,383,865.2424922885948,383,
500,453,0,393,865.2424922885948,393,
500,453,0,409,865.2424922885948,409,
500,453,0,423,865.2424922885948,423,
484,455,0,448,865.2424922885948,448,
452,466,0,500,865.2424922885948,500,
452,466,0,520,865.2424922885948,520,
452,466,0,505,865.2424922885948,505,
444,471,0,494,865.2424922885948,494,
351,519,0,482,865.2424922885948,482,
336,531,0,466,865.2424922885948,466,
336,531,0,459,865.2424922885948,459,
336,531,0,449,865.2424922885948,449,
309,533,0,447,865.2424922885948,447,
278,539,0,446,865.2424922885948,446,
278,539,0,445,865.2424922885948,445,
278,539,0,442,865.2424922885948,442,
297,608,0,447,865.2424922885948,447,
439,863,0,455,865.2424922885948,455,
439,863,0,527,865.2424922885948,527,
439,863,0,526,865.2424922885948,526,
488,863,0,523,865.2424922885948,523,
631,860,0,497,865.2424922885948,497,
641,860,0,535,865.2424922885948,535,
641,860,0,625,865.2424922885948,625,
641,860,0,685,865.2424922885948,685,
674,858,0,695,865.2424922885948,695,
745,858,0,679,865.2424922885948,679,
760,859,0,652,865.2424922885948,652,
760,859,0,652,865.2424922885948,652,
759,858,0,740,865.2424922885948,740,
784,856,0,803,865.2424922885948,803,
885,864,0,825,865.2424922885948,825,
898,867,0,838,865.2424922885948,838,
898,867,0,839,865.2424922885948,839,
898,867,0,828,865.2424922885948,828,
901,867,0,833,865.2424922885948,833,
923,867,0,831,865.2424922885948,831,
938,865,0,822,865.2424922885948,822,
941,864,0,816,865.2424922885948,816,
941,864,0,816,865.2424922885948,816,
943,862,0,797,865.2424922885948,797,
944,861,0,787,865.2424922885948,787,
944,860,0,785,865.2424922885948,785,
950,857,0,790,865.2424922885948,790,
958,855,0,789,865.2424922885948,789,
960,855,0,788,865.2424922885948,788,
986,837,0,786,865.2424922885948,786,
1000,827,0,776,865.2424922885948,776,
1000,827,0,762,865.2424922885948,762,
1000,827,0,748,865.2424922885948,748,
1008,818,0,745,865.2424922885948,745,
1072,784,0,743,865.2424922885948,743,
1117,756,0,739,865.2424922885948,739,
1119,755,0,732,865.2424922885948,732,
1119,755,0,726,865.2424922885948,726,
1121,753,11,679,871.5092044056968,679,
1141,708,11,653,871.5092044056968,653,
1166,665,23,634,878.3479292926703,634,
1172,652,1,616,865.8121102736778,616,
1172,652,0,599,865.2424922885948,599,
1172,652,2,574,866.3817448299476,574,
1175,649,26,554,880.0579908359769,554,
1204,630,47,534,892.0327347752462,534,
1223,621,55,532,896.5965495042142,532,
1224,620,98,536,921.1465071712639,536,
1224,620,216,538,988.6947701999386,538,
1229,609,333,537,1055.9545088839632,537,
1250,580,369,534,1076.7119673434397,534,
1265,568,401,537,1095.1891042406219,537,
1270,564,434,537,1114.270188563076,537,
1270,564,490,536,1146.7142936583446,536,
1270,564,536,535,1173.4277628228422,535,
1276,552,573,535,1194.957714426507,535,
1282,533,595,535,1207.7780950917363,535,
1285,518,602,535,1211.8603056448615,535,
1286,504,636,536,1231.7091781379895,536,
1286,487,643,534,1235.800096551351,534,
1286,474,646,533,1237.5538119212906,533,
1286,473,659,520,1245.156489158116,520,
1287,472,663,516,1247.4968414427772,516,
1296,446,664,494,1248.0820083970743,494,
1307,409,649,471,1239.307807167148,471,
1320,380,615,456,1219.4454440634995,456,
1331,358,621,428,1222.9479965309406,428,
1336,350,623,415,1224.115756884996,415,
1336,350,640,396,1234.0466602931006,396,
1336,350,672,374,1252.764484426948,374,
1342,346,690,353,1263.3075288545328,353,
1350,332,706,340,1272.6879216367365,340,
1368,315,715,327,1277.9680786655058,327,
1381,301,731,312,1287.3616585835869,312,
1393,291,740,304,1292.6493170968888,304,
1404,276,782,297,1317.3616703285822,297,
1409,271,871,279,1369.9360831494503,279,
1409,271,972,252,1429.9652191844975,252,
1411,271,1057,224,1480.8111609092543,224,
1422,262,1065,213,1485.6128828415528,213,
1453,241,1083,197,1496.4272825173146,197,
1473,230,1138,171,1529.5636461279898,171,
1496,221,1170,158,1548.9089226881902,158,
1509,218,1259,157,1602.9806856023274,157,
1511,218,1319,153,1639.667015781052,153,
1530,227,1407,135,1693.8360376360945,135,
1539,230,1431,123,1708.6876789712173,123,
1539,230,1453,125,1722.332201596916,125,
1542,230,1462,122,1727.9225866777015,122,
1574,247,1450,118,1720.4698466259708,118,
1621,275,1426,108,1705.5907423617216,108,
1645,293,1393,82,1685.1883734657285,82,
1646,293,1386,70,1680.8688540564024,70,
1646,293,1450,56,1720.4698466259708,56,
1646,294,1496,52,1749.0873048019967,52,
1647,295,1586,54,1805.470935045598,54,
1672,304,1595,63,1811.138982002061,63,
1714,315,1589,84,1807.3596700861744,84,
1742,326,1592,118,1809.2490186049772,118,
1742,326,1634,140,1835.7651015041597,140,
1742,326,1683,178,1866.8580572612693,178,
1742,326,1689,171,1870.6773021559352,171,
1740,326,1726,171,1894.2882308393193,171,
1744,341,1786,179,1932.7973277692809,179,
1765,425,1808,170,1946.9878963620374,170,
1773,469,1801,167,1942.4685325270154,167,
1773,469,1747,169,1907.7348548033015,169,
1773,469,1700,170,1877.6861314946918,170,
1773,469,1685,169,1868.13084564231,169,
1776,475,1683,168,1866.8580572612693,168,
1794,510,1675,165,1861.7698260424536,165,
1814,551,1678,165,1863.6773657720175,165,
1817,558,1693,168,1873.2249345931866,168,
1817,558,1713,185,1885.980858854587,185,
1817,558,1716,208,1887.8968179463689,208,
1819,558,1717,229,1888.5356208761077,229,
1835,575,1705,258,1880.8749226133461,258,
1850,590,1704,299,1880.2370158580904,299,
1850,591,1716,334,1887.8968179463689,334,
1850,591,1738,379,1901.9679031854548,379,
1850,591,1754,440,1912.2245562161893,440,
1850,592,1721,470,1891.091583575543,470,
1873,609,1715,477,1887.2580900032906,477,
1891,621,1713,480,1885.980858854587,480,
1891,621,1712,485,1885.3423555377747,485,
1891,621,1713,475,1885.980858854587,475,
1891,619,1715,482,1887.2580900032906,482,
1906,618,1795,471,1938.597906217576,471,
1925,624,1845,470,1970.9417555193718,470,
1927,626,1947,466,2037.5703582697142,466,
1927,626,2002,464,2073.8762664455544,464,
1929,626,2009,463,2078.516801933799,463,
1948,624,2022,462,2087.147001028324,462,
2004,631,2027,461,2090.47050805991,461,
2012,632,2029,461,2091.800567212005,461,
2012,632,2034,459,2095.1273605374827,459,
2012,632,2102,454,2140.6092366963244,454,
2015,629,2189,460,2199.468770094546,460,
2053,606,2235,447,2219.481794011172,447,
2087,590,2280,444,2212.00501356106,444,
2088,589,2296,442,2209.799478971813,442,
2088,589,2309,449,2208.178305628822,449,
2088,589,2437,443,2199.994975896036,443,
2092,585,2482,440,2200.2788073501147,440,
2110,576,2504,436,2200.9791749716132,436,
2130,567,2504,434,2200.9791749716132,434,
2137,566,2503,425,2200.939508837304,425,
2137,566,2506,421,2201.0607273617206,421,
2137,566,2514,411,2201.416433130598,411,
2140,563,2522,404,2201.8190580469773,404,
2164,563,2552,399,2203.7405893316322,399,
2176,563,2590,391,2207.0849646076786,391,
2176,563,2623,382,2210.7881086828543,382,
2176,563,2628,379,2211.4123792647606,379,
2176,563,2635,375,2212.313885564671,375,
2180,559,2640,371,2212.977372210108,371,
2193,553,2636,366,2212.4452827288465,366,
2196,552,2639,357,2212.8433759903714,357,
2196,558,2642,357,2213.24730853182,357,
2197,572,2648,361,2214.0726228825115,361,
2197,572,2660,369,2215.79257130722,369,
2197,572,2651,395,2214.4939705245224,395,
2197,572,2610,459,2209.242317888933,459,
2197,590,2571,485,2205.2876038265745,485,
2198,632,2573,503,2205.4650911214258,503,
2198,636,2572,508,2205.3760010819365,508,
2198,636,2568,512,2205.0265755399923,512,
2198,636,2564,546,2204.6882779549355,546,
2198,636,2561,577,2204.441883685037,577,
2202,563,2561,593,2204.441883685037,593,
2205,478,2572,603,2205.3760010819365,603,
2205,451,2609,594,2209.128065225505,594,
2205,450,2596,570,2207.7038222652077,570,
2205,450,2590,438,2207.0849646076786,438,
2214,396,2605,333,2208.6777427502075,333,
2220,346,2609,257,2209.128065225505,257,
2220,335,2614,200,2209.705997105988,200,
2220,335,2634,164,2212.18313975869,164,
2221,332,2693,127,2220.991131364365,127,
2221,315,2726,119,2226.8598042203275,119,
2221,313,2757,118,2232.9640967049495,118,
2219,313,2772,119,2236.1181507472884,119,
2214,408,2775,120,2236.764390858632,120,
2213,504,2719,158,2225.5600142983017,158,
2213,504,2712,168,2224.2896121962604,168,
2209,504,2716,180,2225.011945922502,180,
2203,537,2728,207,2227.236542234907,207,
2202,600,2749,273,2231.334960509577,273,
2202,622,2721,340,2225.9283929476387,340,
2202,623,2670,383,2217.2958214643613,383,
2202,623,2657,399,2215.3539616787625,399,
2202,624,2651,408,2214.4939705245224,408,
2202,642,2650,417,2214.352879255228,417,
2202,656,2649,431,2214.2124298311924,431,
2202,662,2646,442,2213.794938934515,442,
2202,663,2631,456,2211.7948168818775,456,
2202,663,2615,466,2209.82358078945,466,
2202,664,2615,472,2209.82358078945,472,
2202,675,2623,490,2210.7881086828543,490,
2202,678,2622,503,2210.665229178957,503,
2202,678,2603,521,2208.456603596581,521,
2200,678,2580,570,2206.1080626026305,570,
2199,682,2548,610,2203.447240770786,610,
2199,684,2552,635,2203.7405893316322,635,
2199,684,2560,652,2204.361151885376,652,
2199,684,2583,655,2206.3939461129,655,
2202,682,2602,657,2208.347041839257,657,
2214,674,2609,660,2209.128065225505,660,
2231,667,2617,659,2210.0607402535466,659,
2250,659,2621,658,2210.543009385231,658,
2265,650,2622,657,2210.665229178957,657,
2274,644,2645,652,2213.6570631983104,652,
2276,644,2691,633,2220.6567723725666,633,
2276,644,2752,597,2231.9415353152203,597,
2277,643,2791,570,2240.2968989050632,570,
2299,629,2799,549,2242.1169215040063,549,
2320,619,2812,526,2245.149983163221,526,
2325,619,2815,522,2245.8630948099635,522,
2325,619,2830,519,2249.502004396853,519,
2325,619,2858,515,2256.616805295308,515,
2325,619,2914,514,2272.064693283514,514,
2342,616,2952,512,2283.4356640433634,512,
2364,616,2970,511,2289.0634527525635,511,
2370,618,2994,511,2296.8023575057136,511,
2371,620,3006,511,2300.770805707575,511,
2371,620,3029,509,2308.557873875363,509,
2371,620,3063,507,2320.494738094957,507,
2401,632,3076,505,2325.189889641967,505,
2420,643,3077,505,2325.5540100718454,505,
2424,645,3091,502,2330.6956060843604,502,
2425,646,3111,498,2338.181271591936,498,
2425,646,3136,493,2347.7662908297975,493,
2425,646,3172,490,2362.0017184567623,490,
2440,653,3208,489,2376.7318212020286,489,
2481,670,3284,487,2409.37428792505,487,
2491,677,3323,488,2426.8988281469474,488,
2491,678,3336,489,2432.8519881352477,489,
2491,678,3389,491,2457.6800263636796,491,
2491,678,3458,496,2491.2847364154486,496,
2492,678,3541,502,2533.498343682212,502,
2504,685,3559,511,2542.8964151845134,511,
2520,694,3555,518,2540.800708377937,518,
2522,695,3556,527,2541.3242488844617,527,
2522,695,3570,532,2548.6807472372884,532,
2522,695,3582,532,2555.0259580654447,532,
2522,695,3594,533,2561.407282501679,533,
2522,695,3618,533,2574.2764881166,533,
2522,695,3620,533,2575.355251072855,533,
2538,695,3622,533,2576.4349783169064,533,
2567,695,3627,534,2579.1385020332395,534,
2574,695,3632,534,2581.848008790121,534,
2574,695,3640,533,2586.1955868009018,533,
2574,695,3642,534,2587.2848472475375,534,
2574,695,3645,533,2588.9205043740467,533,
2575,695,3652,532,2592.7452468323754,532,
2591,674,3694,530,2615.930737774366,530,
2601,663,3726,529,2633.8610400159287,529,
2607,654,3787,527,2668.646712161533,527,
2616,638,3839,525,2698.8967251019067,525,
2616,637,3864,524,2713.6261738038584,524,
2616,637,3858,521,2710.080354894372,521,
2620,627,3868,513,2715.9937869246014,513,
2637,551,3885,507,2726.089150857483,507,
2649,525,3907,495,2739.231873322995,495,
2655,513,3939,478,2758.502013707622,478,
2655,512,3960,454,2771.244282843475,454,
2655,512,4022,418,2809.2914629632533,418,
2665,491,4046,397,2824.1843004491334,397,
2681,448,4049,384,2826.052172192268,384,
2696,415,4053,375,2828.544810214128,375,
2702,397,4060,362,2832.912788693986,362,
2702,396,4092,343,2852.974244445983,343,
2703,396,4095,327,2854.862758841349,327,
2708,387,4107,310,2862.4298833472085,310,
2721,355,4118,294,2869.3846088986966,294,
2734,326,4122,282,2871.9178730368544,282,
2741,301,4139,274,2882.7093776319125,274,
2743,298,4190,260,2915.321766762594,260,
2743,298,4237,245,2945.679349221833,245,
2746,295,4299,226,2986.144911864186,226,
2760,276,4355,201,3023.0804302812107,201,
2775,267,4397,174,3051.008658874077,174,
2789,259,4409,161,3059.02239194733,161,
2813,228,4443,141,3081.8079372344764,141,
2820,206,4443,129,3081.8079372344764,129,
2822,197,4443,106,3081.8079372344764,106,
2823,195,4443,91,3081.8079372344764,91,
2823,195,4443,80,3081.8079372344764,80,
2823,195,4443,72,3081.8079372344764,72,
2823,195,4443,64,3081.8079372344764,64,
2825,212,4443,56,3081.8079372344764,56,
2832,303,4443,58,3081.8079372344764,58,
2832,326,4443,62,3081.8079372344764,62,
2832,326,4443,75,3081.8079372344764,75,
2832,326,4443,82,3081.8079372344764,82,
2832,329,4443,88,3081.8079372344764,88,
2838,401,4443,92,3081.8079372344764,92,
2847,457,4443,95,3081.8079372344764,95,
2848,459,4443,102,3081.8079372344764,102,
2848,459,4443,109,3081.8079372344764,109,
2848,459,4443,123,3081.8079372344764,123,
2848,477,4443,141,3081.8079372344764,141,
2856,531,4443,152,3081.8079372344764,152,
2860,549,4443,170,3081.8079372344764,170,
2861,549,4443,184,3081.8079372344764,184,
2861,549,4443,198,3081.8079372344764,198,
2861,550,4443,223,3081.8079372344764,223,
2867,604,4443,239,3081.8079372344764,239,
2875,629,4443,252,3081.8079372344764,252,
2875,629,4443,270,3081.8079372344764,270,
2875,629,4443,282,3081.8079372344764,282,
2875,629,4443,295,3081.8079372344764,295,
2891,637,4443,304,3081.8079372344764,304,
2907,648,4443,316,3081.8079372344764,316,
2909,651,4443,344,3081.8079372344764,344,
2909,651,4443,369,3081.8079372344764,369,
2909,651,4443,384,3081.8079372344764,384,
2913,653,4443,391,3081.8079372344764,391,
2935,663,4443,403,3081.8079372344764,403,
2941,669,4443,414,3081.8079372344764,414,
2942,670,4443,423,3081.8079372344764,423,
2942,670,4443,434,3081.8079372344764,434,
2942,670,4443,442,3081.8079372344764,442,
2956,672,4443,449,3081.8079372344764,449,
2996,689,4443,452,3081.8079372344764,452,
3002,692,4443,456,3081.8079372344764,456,
3002,692,4443,464,3081.8079372344764,464,
3001,692,4443,473,3081.8079372344764,473,
3013,699,4443,479,3081.8079372344764,479,
3021,707,4443,490,3081.8079372344764,490,
3021,707,4443,500,3081.8079372344764,500,
3021,707,4443,511,3081.8079372344764,511,
3021,707,4443,517,3081.8079372344764,517,
3005,707,4443,522,3081.8079372344764,522,
2979,707,4443,531,3081.8079372344764,531,
2965,707,4443,534,3081.8079372344764,534,
2964,707,4443,543,3081.8079372344764,543,
2908,705,4443,545,3081.8079372344764,545,
2852,700,4443,549,3081.8079372344764,549,
2850,700,4443,552,3081.8079372344764,552,
2850,700,4443,553,3081.8079372344764,553,
2848,700,4443,558,3081.8079372344764,558,
2829,697,4443,558,3081.8079372344764,558,
2811,695,4443,556,3081.8079372344764,556,
2795,689,4443,554,3081.8079372344764,554,
2794,688,4443,550,3081.8079372344764,550,
2794,688,4443,545,3081.8079372344764,545,
2794,686,4443,533,3081.8079372344764,533,
2749,669,4443,518,3081.8079372344764,518,
2735,664,4443,507,3081.8079372344764,507,
2733,663,4443,497,3081.8079372344764,497,
2733,663,4443,489,3081.8079372344764,489,
2729,663,4443,486,3081.8079372344764,486,
2702,661,4418,477,3065.042445689232,477,
2681,661,4367,473,3031.040603391553,473,
2680,661,4353,468,3021.7552621944137,468,
2680,661,4310,463,2993.371964902136,463,
2679,661,4321,465,3000.612947185671,465,
2666,657,4215,462,2931.434227756894,462,
2645,657,4162,459,2897.3733919874157,459,
2635,660,4161,456,2896.7343232904414,456,
2635,660,4146,455,2887.164645882985,455,
2635,660,4139,452,2882.7093776319125,452,
2635,660,4116,450,2868.118828654262,450,
2636,647,4093,447,2853.603603321725,447,
2636,612,4068,447,2837.9138374096856,447,
2633,607,4042,439,2821.695955639295,439,
2633,607,4032,429,2815.485913746009,429,
2633,599,4027,417,2812.386728965291,417,
2629,555,3987,405,2787.736114916138,405,
2626,509,3973,397,2779.1696843681807,397,
2623,501,3955,385,2768.2036092856306,385,
2623,501,3940,373,2759.107079332091,373,
2622,496,3934,365,2755.4792730322524,365,
2611,468,3908,356,2739.8313347738963,356,
2599,452,3873,353,2718.9574816808868,353,
2596,451,3822,341,2688.9488995819047,341,
2594,449,3780,327,2664.6157351398397,327,
2588,436,3769,320,2658.3015556315127,320,
2581,413,3749,315,2646.885373037387,315,
2573,401,3753,314,2649.16192534951,314,
2568,396,3749,314,2646.885373037387,314,
2568,396,3740,313,2641.7754746415667,313,
2568,396,3731,312,2636.682800607856,312,
2563,432,3708,311,2623.7475751382426,311,
2560,514,3682,309,2609.2653793989325,309,
2563,562,3679,309,2607.604108257116,309,
2564,566,3683,310,2609.8195887039606,310,
2564,566,3683,311,2609.8195887039606,311,
2564,566,3679,322,2607.604108257116,322,
2565,579,3681,335,2608.711396065133,335,
2569,615,3689,344,2613.149576719448,344,
2570,634,3719,361,2629.919644868646,361,
2570,635,3723,373,2632.170571371428,373,
2570,635,3725,384,2633.2973343725075,384,
2570,635,3714,431,2627.110879584732,431,
2570,635,3704,494,2621.509767198828,494,
2566,658,3712,519,2625.988901551657,519,
2564,684,3716,536,2628.233731721802,536,
2563,686,3720,561,2630.4820509885617,561,
2563,686,3724,579,2632.7338447487623,579,
2559,687,3714,613,2627.110879584732,613,
2555,702,3695,632,2616.4876403769404,632,
2552,713,3678,640,2607.0508042564234,640,
2552,713,3676,645,2605.944877247206,645,
2551,713,3673,646,2604.2876927773286,646,
2544,698,3666,647,2600.4289239175214,647,
2535,680,3645,647,2588.9205043740467,647,
2530,655,3629,646,2580.221588515099,646,
2530,636,3636,641,2584.019901092605,641,
2530,634,3635,623,2583.4765717673054,623,
2530,634,3634,603,2582.9334797767824,603,
2531,627,3639,576,2585.651310606232,576,
2537,572,3643,552,2587.829831007707,552,
2541,538,3662,526,2598.2289630710275,526,
2542,518,3690,487,2613.7053612226464,487,
2542,515,3725,432,2633.2973343725075,432,
2542,515,3764,399,2655.439707081821,399,
2542,464,3792,377,2671.5320572921446,377,
2543,381,3808,363,2680.7988533822427,363,
2544,337,3816,349,2685.451308468728,349,
2544,335,3805,323,2679.0574431692166,323,
2544,335,3813,288,2683.705159961154,288,
2548,323,3818,260,2686.616389243182,260,
2550,286,3809,215,2681.379719632594,215,
2550,271,3779,194,2664.040695097104,194,
2548,269,3774,183,2661.1685606611654,183,
2548,269,3782,178,2665.766426660353,178,
2543,256,3778,178,2663.465859152521,178,
2528,209,3767,180,2657.156195913476,180,
2517,193,3528,194,2526.7634853445943,194,
2517,193,3432,199,2478.4574383442996,199,
2514,194,3382,200,2454.350559099721,200,
2479,213,3346,200,2437.4685336181797,200,
2462,223,3334,200,2431.9325453706906,200,
2462,223,3324,200,2427.3548085267416,200,
2462,223,3296,199,2414.712212204808,199,
2460,226,3288,196,2411.1481749007544,196,
2436,244,3280,194,2407.6058515743357,194,
2414,266,3283,192,2408.9316669741156,192,
2412,267,3271,191,2403.64691394909,191,
2412,267,3271,190,2403.64691394909,190,
2406,270,3142,199,2350.1037401519948,199,
2364,300,3006,208,2300.770805707575,208,
2345,311,2973,212,2290.0162194771583,212,
2345,311,2968,214,2288.430611943717,214,
2345,311,2969,216,2288.746798335968,216,
2332,318,2974,217,2290.3347413220717,217,
2294,350,2819,231,2246.821544773731,231,
2290,352,2771,238,2235.9038750238037,238,
2290,352,2744,248,2230.3356556017034,248,
2288,353,2742,253,2229.940025657368,253,
2257,372,2745,256,2230.5343485883454,256,
2242,383,2749,257,2231.334960509577,257,
2242,383,2756,258,2232.7584267587977,258,
2239,383,2770,265,2235.6901690610193,265,
2225,432,2784,270,2238.733696503534,270,
2215,461,2782,273,2238.2921213092286,273,
2215,461,2756,287,2232.7584267587977,287,
2212,464,2714,301,2224.6495736392785,301,
2117,462,2424,343,2200.207790435184,343,
2094,460,2375,365,2202.2395778995556,365,
2094,460,2382,377,2201.8281980694755,377,
2094,460,2388,391,2201.5080953590723,391,
2060,462,2391,402,2201.359239076514,402,
2015,467,2394,407,2201.2178173533766,407,
2013,468,2394,414,2201.2178173533766,414,
2013,468,2369,420,2202.6248973638426,420,
2008,468,1947,441,2037.5703582697142,441,
1962,479,1879,448,1993.0528300171134,448,
1940,483,1865,452,1983.936579002501,452,
1940,483,1835,464,1964.4567376446532,464,
1931,483,1852,470,1975.4861688363658,470,
1915,470,1865,468,1983.936579002501,468,
1915,445,1861,467,1981.3349536649287,467,
1914,436,1867,465,1985.2378931889223,465,
1912,436,1873,465,1989.1438476165363,465,
1920,360,1855,435,1977.4350160167987,435,